symbol,shortName,previousClose,trailingPE,dividendYield,marketCap
VC,Visteon Corporation,86.81,4.7672133,0.0,2409.472768
VDE,Vanguard Energy ETF,122.78,13.489278,0.0,0.0
UAL,"United Airlines Holdings, Inc.",95.43,11.40286,0.0,31463.565312
WAL,Western Alliance Bancorporation,82.9,13.044823,1.83,9289.824256
LII,"Lennox International, Inc.",604.52,29.121197,0.76,21826.752512
CHWY,"Chewy, Inc.",33.87,36.693874,0.0,14642.695168
VNT,Vontier Corporation,36.06,13.75281,0.27999999999999997,5515.344384
BLDR,"Builders FirstSource, Inc.",141.98,13.875722,0.0,16575.6928
FCX,"Freeport-McMoRan, Inc.",37.88,27.525547,1.5800001000000001,54430.990336
TXN,Texas Instruments Incorporated,186.95,35.410778,2.91,173786.464256
L,Loews Corporation,84.16,11.216755,0.3,18268.268544
GMED,"Globus Medical, Inc.",81.83,133.53226,0.0,11273.2672
MSI,"Motorola Solutions, Inc.",459.23,50.529537,0.95,77183.156224
UGI,UGI Corporation,28.28,22.543306,6.0500003,6147.061248
WMT,Walmart Inc.,90.0,37.204918,0.9900000000000001,729271.17312
MUR,Murphy Oil Corporation,30.96,9.919615,3.88,4499.256832
NWS,News Corporation,30.37,49.193546,0.66000004,16214.989824
MUSA,Murphy USA Inc.,493.68,20.408237,0.38999999999999996,10132.851712
KKR,KKR & Co. Inc.,149.19,46.92284,0.47000000000000003,140292.980736
EIX,Edison International,80.01,23.333334,4.14,30894.57152
WH,"Wyndham Hotels & Resorts, Inc.",99.8,31.927214,1.52,7848.161792
IBOC,International Bancshares Corpor,62.94,9.839813,2.1,3935.5712
GATX,GATX Corporation,152.01,20.575434,1.53,5476.961792
SSD,"Simpson Manufacturing Company, ",164.41,22.046297,0.6799999999999999,7027.490304
BRK-B,Berkshire Hathaway Inc. New,451.1,9.114952,0.0,972124.258304
NNN,"NNN REIT, Inc.",40.11,18.694445,5.7800002,7572.300288
AME,"AMETEK, Inc.",178.33,31.283976,0.63,41535.97952
NEM,Newmont Corporation,38.37,0,2.6099999,43386.331136
PRU,"Prudential Financial, Inc.",118.27,10.599645,4.3999999999999995,42405.62176
SW,Smurfit WestRock plc,53.6,72.638885,3.5099998,27204.15744
COLM,Columbia Sportswear Company,82.67,23.156862,1.45000005,4728.269312
R,"Ryder System, Inc.",156.48,14.895229,2.07,6733.868544
TSLA,"Tesla, Inc.",379.28,104.172585,0.0,1317537.05472
VNQ,Vanguard Real Estate ETF,88.29,32.843147,0.0,0.0
PAG,"Penske Automotive Group, Inc.",150.17,11.538284,2.7199999999999998,10061.451264
ESNT,Essent Group Ltd.,54.48,7.9724636,2.0599999,5842.777088
KNSL,"Kinsale Capital Group, Inc.",454.02,24.433542,0.13,9974.716416
CELH,"Celsius Holdings, Inc.",27.2,37.894737,0.0,6768.892928
ETN,"Eaton Corporation, PLC",331.96,36.48349,1.13,135387.611136
OMC,Omnicom Group Inc.,86.44,11.733606,3.2399999999999998,16869.741568
GEV,GE Vernova Inc.,338.94,83.49764,0.3,97589.428224
CRM,"Salesforce, Inc.",330.66,54.306686,0.47999998000000005,318585.307136
EVR,Evercore Inc.,276.15,35.646984,1.16,10571.297792
WM,"Waste Management, Inc.",200.54,30.739328,1.5,80935.452672
LSTR,"Landstar System, Inc.",170.31,29.713057,0.8099999999999999,6109.824
LANC,Lancaster Colony Corporation,172.55,29.91207,2.1999999999999997,4782.373376
SR,Spire Inc.,68.4,16.362768,4.62,3962.802176
META,"Meta Platforms, Inc.",599.24,28.253738,0.33000002,1512772.07552
BMRN,BioMarin Pharmaceutical Inc.,66.49,40.259037,0.0,12736.662528
NBIX,"Neurocrine Biosciences, Inc.",137.86,36.826668,0.0,13982.211072
RYN,Rayonier Inc. REIT,26.05,24.388887,4.38,3977.629952
BWXT,"BWX Technologies, Inc.",111.48,36.85065,0.86,10378.838016
CRI,"Carter's, Inc.",53.81,8.548741,5.9499998,1959.429504
BDC,Belden Inc,113.2,26.828306,0.18000001,4664.120832
MTD,"Mettler-Toledo International, I",1220.78,33.367825,0.0,26131.052544
DBE,Invesco DB Energy Fund,18.84,4.0082445,0.0,0.0
AZPN,"Aspen Technology, Inc.",249.95,0,0.9900000000000001,15871.880192
PVH,PVH Corp.,104.86,8.638821,0.13,5868.190208
XLP,SPDR Select Sector Fund - Consu,78.37,22.835562,0.0,0.0
AVGO,Broadcom Inc.,231.98,178.88463,1.17,1090045.607936
UUP,Invesco DB USD Index Bullish Fu,29.67,0,0.0,0.0
VST,Vistra Corp.,149.66,30.576271,0.58999998,55239.090176
AMED,Amedisys Inc,90.9,36.079052,0.0,2989.830656
TECH,Bio-Techne Corp,71.48,77.67368,0.44999999999999996,11724.64128
XLB,Materials Select Sector SPDR,83.21,22.210474,0.0,0.0
FN,Fabrinet,220.37,27.214457,0.0,8330.374144
BX,Blackstone Inc.,173.75,60.65862,1.9900000000000002,213357.723648
QCOM,QUALCOMM Incorporated,153.64,17.174103,2.21,175349.137408
PNW,Pinnacle West Capital Corporati,84.31,15.836466,4.25,9579.225088
GRMN,Garmin Ltd.,204.55,26.28807,1.47,39777.97632
PODD,Insulet Corporation,256.85,45.289112,0.0,18679.560192
IVZ,Invesco Ltd,17.65,0,4.65,7977.560064
MCK,McKesson Corporation,566.21,29.903677,0.5,73300.230144
PLTR,Palantir Technologies Inc.,75.19,399.44998,0.0,181991.030784
DBA,Invesco DB Agriculture Fund,26.62,11.186655,0.0,0.0
FTNT,"Fortinet, Inc.",94.75,48.9799,0.0,74706.173952
FXC,Invesco CurrencyShares Canadian,67.89,0,0.0,0.0
ACN,Accenture plc,348.82,29.660519,1.7000000000000002,221326.098432
KO,Coca-Cola Company (The),61.84,25.622406,3.1400003,266394.451968
HRL,Hormel Foods Corporation,31.52,21.333334,3.65,17217.048576
PFE,"Pfizer, Inc.",26.61,35.453335,6.460000000000001,150798.532608
FICO,Fair Isaac Corporation,1995.92,96.57465,0.0,47874.301952
CMC,Commercial Metals Company,49.15,11.866505,1.46,5574.633472
CBT,Cabot Corporation,88.88,13.169643,1.94,4813.886464
UGA,United States Gasoline Fund LP,64.24,0,0.0,0.0
NDAQ,"Nasdaq, Inc.",77.43,47.120483,1.24,44957.57312
NEU,NewMarket Corp,510.57,11.255164,1.96,4854.043136
RCL,Royal Caribbean Cruises Ltd.,229.02,22.916918,0.9599999499999999,61556.24448
MKC,"McCormick & Company, Incorporat",75.88,25.799318,2.3699999,20354.422784
GE,GE Aerospace,168.59,33.196915,0.66000004,186110.60736
YUM,"Yum! Brands, Inc.",133.56,24.895523,2.01,37239.369728
APO,"Apollo Global Management, Inc. ",165.86,17.51917,1.1199999999999999,95656.853504
IYR,iShares U.S. Real Estate ETF,92.29,32.875614,0.0,0.0
SPGI,S&P Global Inc.,495.5,44.014977,0.73,155016.577024
NEE,"NextEra Energy, Inc.",71.61,21.362019,2.8800000999999997,148040.237056
CHX,ChampionX Corporation,27.205,16.882717,1.39,5210.174976
CHDN,"Churchill Downs, Incorporated",131.59,24.034357,0.31,9768.446976
EOG,"EOG Resources, Inc.",124.71,10.207258,3.1300000000000003,71189.291008
MDB,"MongoDB, Inc.",244.62,0,0.0,19744.116736
ACM,AECOM,106.3,29.043127,0.8099999999999999,14272.996352
CTRA,Coterra Energy Inc.,26.14,15.90303,3.2099999999999995,19324.315648
WU,Western Union Company (The),10.44,5.352041,9.0,3543.532288
CHH,"Choice Hotels International, In",141.67,27.191652,0.8099999999999999,6721.816064
TAP,Molson Coors Beverage Company,57.2,12.448198,3.08,11385.731072
TEL,TE Connectivity plc,140.64,13.771759,1.8499999999999999,42600.665088
DHI,"D.R. Horton, Inc.",137.64,9.75523,1.16,44880.769024
DAY,"Dayforce, Inc.",71.39,213.29411,0.0,11436.403712
AR,Antero Resources Corporation,35.57,249.57141,0.0,10872.070144
BRBR,"BellRing Brands, Inc.",74.59,40.430107,0.0,9698.919424
APTV,Aptiv PLC,60.3,6.7180905,0.0,14226.72896
IDXX,"IDEXX Laboratories, Inc.",408.85,40.186653,0.0,34025.551872
ADM,Archer-Daniels-Midland Company,50.22,14.058989,3.7900000000000005,23950.626816
PBF,PBF Energy Inc.,26.77,0,4.1100003,3126.740736
SLM,SLM Corporation,27.35,9.713793,1.9,5981.336064
ALLY,Ally Financial Inc.,35.76,14.339999,3.36,10924.033024
AIT,Applied Industrial Technologies,238.61,24.977573,0.62,9420.546048
MO,"Altria Group, Inc.",52.51,8.871452,7.7700000000000005,90062.200832
TXRH,"Texas Roadhouse, Inc.",181.2,31.43299,1.35,12204.67712
CHRW,"C.H. Robinson Worldwide, Inc.",102.78,36.13841,2.41,12345.330688
FITB,Fifth Third Bancorp,42.17,14.13,3.5099998,28141.95712
CFR,"Cullen/Frost Bankers, Inc.",132.76,16.450428,2.86,8619.326464
GIS,"General Mills, Inc.",63.54,13.886957,3.64,35212.63616
WEC,"WEC Energy Group, Inc.",93.99,22.93154,3.8,29670.84032
TJX,"TJX Companies, Inc. (The)",121.15,28.474058,1.25,135719.837696
TCBI,"Texas Capital Bancshares, Inc.",76.81,386.25,0.0,3569.853952
ENOV,Enovis Corporation,44.3,0,0.0,2417.732864
NSC,Norfolk Southern Corporation,234.6,22.148357,2.3,53365.49376
UNM,Unum Group,72.93,7.9370246,2.3,13348.936704
AZN,Astrazeneca PLC,65.88,31.850964,2.25,205447.217152
PK,Park Hotels & Resorts Inc.,13.78,9.154839,10.16,2928.886784
LH,Labcorp Holdings Inc.,228.19,43.48197,1.26,19165.943808
WBD,"Warner Bros. Discovery, Inc. - ",10.66,0,0.0,26150.709248
KBR,"KBR, Inc.",57.88,25.004238,1.04,7862.610432
TPL,Texas Pacific Land Corporation,1180.08,60.612114,0.54,27823.294464
AOM,iShares Core Moderate Allocatio,43.39,20.677448,0.0,0.0
HSY,The Hershey Company,168.79,19.451094,3.25,34204.065792
XRAY,DENTSPLY SIRONA Inc.,18.75,0,3.4099999999999997,3701.28384
HXL,Hexcel Corporation,61.8,48.106873,0.97,5104.752128
VLTO,Veralto Corp,100.59,31.111113,0.44,24928.647168
PAYC,"Paycom Software, Inc.",201.4,24.502405,0.74,11754.975232
AZO,"AutoZone, Inc.",3250.0,21.86475,0.0,54857.3184
RSP,Invesco S&P 500 Equal Weight ET,174.72,20.031378,0.0,0.0
ROKU,"Roku, Inc.",74.49,0,0.0,11235.499008
WCC,"WESCO International, Inc.",178.02,14.537661,0.9299999999999999,8890.37824
PFG,Principal Financial Group Inc,77.39,0,3.7699999999999996,17820.043264
AMH,American Homes 4 Rent,36.75,38.864586,2.8299998,15703.182336
ON,ON Semiconductor Corporation,61.71,15.85856,0.0,27212.685312
ABNB,"Airbnb, Inc.",131.48,47.12153,0.0,84787.806208
AVNT,Avient Corporation,40.26,24.710691,2.6800001,3589.707264
UTHR,United Therapeutics Corporation,360.22,15.649098,0.0,15908.173824
TYL,"Tyler Technologies, Inc.",574.67,106.99084,0.0,25001.658368
EA,Electronic Arts Inc.,145.9,37.510254,0.52,38367.916032
THC,Tenet Healthcare Corporation,125.22,3.8850174,0.0,11663.64672
COF,Capital One Financial Corporati,178.71,17.021696,1.34000005,68835.852288
CDP,COPT Defense Properties,30.88,25.603304,3.82,3556.813824
NSP,"Insperity, Inc.",75.51,23.92683,3.18,2933.833728
GWW,"W.W. Grainger, Inc.",1041.71,28.578903,0.7900001,51329.523712
CORN,Teucrium Corn Fund ETV,18.89,0,0.0,0.0
HAE,Haemonetics Corporation,78.4,33.215767,0.0,4020.423424
MELI,"MercadoLibre, Inc.",1765.0,64.94936,0.0,92987.654144
VTSMX,Vanguard Index Trust Total Stoc,140.77,26.475124,0.0,0.0
SCHW,Charles Schwab Corporation (The,73.84,29.082031,1.35,136285.184
ALB,Albemarle Corporation,85.23,0,1.9,10318.836736
DLR,"Digital Realty Trust, Inc.",177.0,148.96721,2.76,61447.929856
ROIV,Roivant Sciences Ltd.,12.08,2.1101081,0.0,8509.735424
TXT,Textron Inc.,75.79,16.571115,0.11,14048.82432
GME,GameStop Corporation,30.66,150.7143,0.0,14141.21984
SPY,SPDR S&P 500,584.64,27.469532,0.0,0.0
MCO,Moody's Corporation,472.84,43.878204,0.72000003,86836.8384
VPL,Vanguard FTSE Pacific ETF,71.01,13.786358,0.0,0.0
ORI,Old Republic International Corp,34.03,9.851003,2.94,8717.289472
VRTX,Vertex Pharmaceuticals Incorpor,405.76,0,0.0,104842.625024
KD,"Kyndryl Holdings, Inc.",35.52,0,0.0,8649.773056
BKNG,Booking Holdings Inc. Common St,4925.29,33.332317,0.70999996,162301.247488
WMG,Warner Music Group Corp.,31.3,37.373497,2.1399999999999997,16068.173824
ALTM,Arcadium Lithium plc,5.16,29.277777,0.0,5667.357696
VICI,VICI Properties Inc.,28.99,10.751824,5.9699997,31055.847424
DG,Dollar General Corporation,75.63,12.321782,2.97,16421.873664
CYB,WisdomTree Chinese Yuan Strateg,24.3361,0,0.0,0.0
AXON,"Axon Enterprise, Inc.",596.49,154.91237,0.0,45833.711616
NWE,"NorthWestern Energy Group, Inc.",52.99,14.32345,4.9099997,3258.236672
FTV,Fortive Corporation,74.41,30.36,0.43,26333.42976
MNST,Monster Beverage Corporation,52.31,33.583336,0.0,50950.324224
PB,"Prosperity Bancshares, Inc.",74.68,15.997868,3.11,7147.710464
CRUS,"Cirrus Logic, Inc.",99.41,17.141157,0.0,5355.97056
VCIT,Vanguard Intermediate-Term Corp,80.29,0,0.0,0.0
LDOS,"Leidos Holdings, Inc.",143.3,16.759682,1.1199999999999999,19634.665472
HUM,Humana Inc.,252.65,22.883173,1.39999995,31604.2752
VNO,Vornado Realty Trust,42.62,0,1.7399999999999998,8811.183104
FOX,Fox Corporation,46.24,11.422983,1.17,21953.214464
MDLZ,"Mondelez International, Inc.",59.5,21.226952,3.1600002000000003,80044.19584
JCI,Johnson Controls International ,78.95,38.423077,1.87,52921.827328
APP,Applovin Corporation,341.78,104.050446,0.0,117675.33568
AAON,"AAON, Inc.",117.94,51.72845,0.27,9754.364928
AM,Antero Midstream Corporation,15.48,19.45,5.81,7489.401856
HLI,"Houlihan Lokey, Inc.",171.58,35.07771,1.3300001000000001,12035.178496
PAYX,"Paychex, Inc.",138.5,29.404211,2.8900001,50289.999872
SRE,DBA Sempra,87.13,19.310572,2.8499998,55530.0864
BC,Brunswick Corporation,63.74,15.0349655,2.6400002,4255.916288
EBND,SPDR Bloomberg Emerging Markets,19.58,0,0.0,0.0
TSN,"Tyson Foods, Inc.",58.15,25.857779,3.44,20722.14528
ABT,Abbott Laboratories,113.44,34.493942,2.08,197433.58976
PII,Polaris Inc.,56.38,16.207283,4.68,3226.869504
EPAM,"EPAM Systems, Inc.",229.16,29.963636,0.0,13086.761984
PR,Permian Resources Corporation,14.86,8.602273,4.04,12162.930688
USB,U.S. Bancorp,47.86,15.033846,4.18,76223.062016
KNF,Knife Riv Holding Co.,100.42,28.780626,0.0,5719.014912
CUBE,CubeSmart,41.6,23.381216,5.0,9622.93248
MIDD,The Middleby Corporation,133.93,18.507576,0.0,7227.923456
MMS,"Maximus, Inc.",75.81,15.531063,1.49,4638.530048
HQY,"HealthEquity, Inc.",96.81,88.60909,0.0,8447.013888
CW,Curtiss-Wright Corporation,351.35,33.21483,0.23999999000000002,13259.860992
PCH,PotlatchDeltic Corporation - Co,39.09,197.5,4.6,3111.13856
CI,The Cigna Group,274.49,26.63188,2.0399998999999998,78077.550592
HON,Honeywell International Inc.,225.52,26.036783,2.0,147293.945856
CBOE,"Cboe Global Markets, Inc.",196.44,26.563267,1.28,20438.894592
RBA,"RB Global, Inc.",90.34,49.580647,1.28,17045.2992
HWC,Hancock Whitney Corporation,54.02,12.392377,2.96,4756.558336
TMHC,Taylor Morrison Home Corporatio,60.55,8.09404,0.0,6323.54048
MKTX,"MarketAxess Holdings, Inc.",225.3,30.645468,1.3099999,8538.915328
GEN,Gen Digital Inc.,27.48,27.777777,1.82,16948.140032
NYT,New York Times Company (The),52.31,31.295856,0.9900000000000001,8671.526912
GM,General Motors Company,51.37,5.4841104,0.9299999999999999,56926.294016
RSG,"Republic Services, Inc.",200.09,32.21795,1.16,62956.077056
ROL,"Rollins, Inc.",46.04,47.597935,1.43,22360.36096
EXPO,"Exponent, Inc.",87.92,43.1602,1.27,4513.472
RRX,Regal Rexnord Corporation,153.28,48.525993,0.91,10509.074432
ED,"Consolidated Edison, Inc.",89.03,16.774435,3.73,30917.910528
CNP,"CenterPoint Energy, Inc (Holdin",31.49,21.093332,2.79,20620.640256
CPRI,Capri Holdings Limited,20.61,0,0.0,2390.890496
CTA,Simplify Exchange Traded Funds ,27.98,0,0.0,0.0
KMI,"Kinder Morgan, Inc.",28.11,25.0177,4.0900003,62805.762048
FAF,First American Corporation (New,61.89,70.34091,3.49,6375.947776
AAL,"American Airlines Group, Inc.",17.0,40.404762,0.0,11171.231744
CAT,"Caterpillar, Inc.",359.77,16.695272,1.5700001000000001,175638.544384
REXR,"Rexford Industrial Realty, Inc.",38.42,31.216,4.35,8996.763648
CTAS,Cintas Corporation,182.09,44.783134,0.76,74989.73184
BIL,SPDR Bloomberg 1-3 Month T-Bill,91.45,0,0.0,0.0
AES,The AES Corporation,13.05,9.187499,5.3100000000000005,9406.886912
APPF,"AppFolio, Inc.",248.11,69.04918,0.0,9182.15168
TSCO,Tractor Supply Company,52.38,25.208738,1.68,27740.747776
EQH,"Equitable Holdings, Inc.",47.64,0,2.02,15212.511232
KMPR,Kemper Corporation,65.43,15.811907,1.9,4253.261824
DBP,Invesco DB Precious Metals Fund,61.46,6.631754,0.0,0.0
ACHC,"Acadia Healthcare Company, Inc.",40.77,14.531148,0.0,4116.68096
OLLI,Ollie's Bargain Outlet Holdings,108.27,32.2145,0.0,6533.955584
HRB,"H&R Block, Inc.",53.09,13.390548,2.8299998,7377.186304
XLE,SPDR Select Sector Fund - Energ,86.66,14.097742,0.0,0.0
PYPL,"PayPal Holdings, Inc.",86.18,20.611765,0.0,87822.508032
SNV,Synovus Financial Corp.,50.84,23.609089,2.9899999999999998,7358.079488
WTW,Willis Towers Watson Public Lim,309.27,0,1.1400000000000001,31128.055808
SBUX,Starbucks Corporation,92.17,27.885544,2.6500002,104967.200768
GDX,VanEck Gold Miners ETF,35.34,18.940168,0.0,0.0
WTFC,Wintrust Financial Corporation,124.01,13.187631,1.45000005,8365.38368
RJF,"Raymond James Financial, Inc.",155.0,16.259794,1.2899999500000001,32181.977088
TER,"Teradyne, Inc.",126.56,41.592358,0.38,21269.64736
FBIN,"Fortune Brands Innovations, Inc",67.59,19.219719,1.4400001,8475.940352
FSLR,"First Solar, Inc.",186.47,16.04389,0.0,19958.822912
APD,"Air Products and Chemicals, Inc",283.29,16.458551,2.5,63135.625216
WRB,W.R. Berkley Corporation,58.01,14.853846,0.5499999999999999,22075.326464
OPCH,"Option Care Health, Inc.",22.7,19.80672,0.0,4011.165952
AN,"AutoNation, Inc.",166.94,9.595468,0.0,6714.48064
HLT,Hilton Worldwide Holdings Inc.,245.12,52.675217,0.23999999000000002,60096.647168
CL,Colgate-Palmolive Company,90.55,25.905172,2.21,73653.542912
VCSH,Vanguard Short-Term Corporate B,78.03,0,0.0,0.0
ROAD,"Construction Partners, Inc.",87.82,69.9084,0.0,5117.243392
FANG,"Diamondback Energy, Inc.",166.78,9.864974,4.97,49918.439424
OGE,OGE Energy Corp,41.29,21.549223,4.0799997999999995,8357.4272
VZ,Verizon Communications Inc.,40.21,17.428572,6.74,169479.70048
ANET,"Arista Networks, Inc.",111.79,55.384617,0.0,145124.343808
FMC,FMC Corporation,48.74,3.981132,4.760000000000001,6058.290688
GLD,SPDR Gold Trust,245.42,0,0.0,0.0
SLB,Schlumberger N.V.,38.4,12.329073,2.86,54494.867456
XLV,SPDR Select Sector Fund - Healt,137.61,31.532108,0.0,0.0
MTDR,Matador Resources Company,58.08,7.8134923,1.72,7370.340864
CYTK,"Cytokinetics, Incorporated",48.93,0,0.0,5825.170944
ADC,Agree Realty Corporation,69.74,38.431694,4.35,7661.047296
CZR,"Caesars Entertainment, Inc.",32.59,0,0.0,6907.724288
BSX,Boston Scientific Corporation,89.38,74.95042,0.0,133661.646848
VAL,Valaris Limited,44.98,3.113431,0.0,3181.837312
CG,The Carlyle Group Inc.,50.73,167.19356,2.76,18538.606592
NOVT,Novanta Inc.,150.93,91.56627,0.0,5460.037632
SCI,Service Corporation Internation,77.44,22.658892,1.55,11240.56576
UNH,UnitedHealth Group Incorporated,504.51,32.779552,1.66,472105.713664
MAR,Marriott International,274.45,28.82513,0.9199999999999999,76498.378752
NXPI,NXP Semiconductors N.V.,206.21,19.92939,1.97,53083.021312
AMGN,Amgen Inc.,259.28,33.10773,3.6700000000000004,140414.369792
LNW,"Light & Wonder, Inc.",85.36,26.778816,0.0,7590.947328
LAMR,Lamar Advertising Company,121.02,24.23506,4.63,12452.87424
NSA,National Storage Affiliates Tru,37.4,21.483147,6.1,5624.798208
EW,Edwards Lifesciences Corporatio,72.59,27.996212,0.0,43592.118272
CPB,The Campbell's Company,42.03,22.808744,3.25,12443.06944
UBER,"Uber Technologies, Inc.",63.17,31.202898,0.0,136007.794688
BIO,"Bio-Rad Laboratories, Inc.",326.16,0,0.0,9257.064448
MTCH,"Match Group, Inc.",32.61,14.589286,2.33,8205.654016
NVR,"NVR, Inc.",7989.89,16.532017,0.0,24727.349248
COHR,Coherent Corp.,100.59,0,0.0,16431.50336
CB,Chubb Limited,272.52,11.141042,1.34000005,109533.822976
NJR,NewJersey Resources Corporation,46.43,16.00685,3.5000000000000004,4663.207936
DOV,Dover Corporation,185.64,17.07811,1.11,25796.210688
FNB,F.N.B. Corporation,14.54,13.458715,3.3000000000000003,5275.126272
SJM,The J.M. Smucker Company,111.37,22.576923,3.8,11868.576768
CHRD,Chord Energy Corporation,118.89,6.1583505,8.540000000000001,7393.733632
CPT,Camden Property Trust,114.68,36.9306,3.5900000000000003,12489.14432
UAA,"Under Armour, Inc.",8.1,0,0.0,3437.782272
MTB,M&T Bank Corporation,188.72,14.177646,2.86,31780.5056
PPL,PPL Corporation,32.18,29.072073,3.2,23814.291456
EQIX,"Equinix, Inc.",944.23,86.87511,1.7999999999999998,92625.772544
VXUS,Vanguard Total International St,58.83,14.63409,0.0,0.0
MLM,"Martin Marietta Materials, Inc.",510.56,16.03569,0.62,31577.88672
IRM,Iron Mountain Incorporated (Del,104.74,293.61108,2.73,31018.72128
LEA,Lear Corporation,92.77,9.7939005,3.32,5061.348864
IWM,iShares Russell 2000 ETF,221.14,17.456142,0.0,0.0
DE,Deere & Company,418.18,16.473663,1.45000005,114664.398848
EXE,Expand Energy Corporation,101.22,61.35583,2.27,23112.009728
BJ,"BJ's Wholesale Club Holdings, I",88.2,21.103117,0.0,11624.271872
JKHY,"Jack Henry & Associates, Inc.",172.97,31.755028,1.27,12673.02912
MU,"Micron Technology, Inc.",87.33,25.033428,0.44,100130.455552
AXP,American Express Company,297.73,21.978245,0.9400000000000001,213503.1808
KHC,The Kraft Heinz Company,30.77,27.576576,5.1999997,37206.458368
TDY,Teledyne Technologies Incorpora,457.99,23.28774,0.0,21423.077376
XYL,Xylem Inc.,115.95,33.672413,1.24,28468.293632
ROP,"Roper Technologies, Inc.",512.965,37.9528,0.64,55184.334848
AON,Aon plc,354.98,30.306507,0.76,76553.838592
SMCI,"Super Micro Computer, Inc.",30.05,14.946189,0.0,19516.882944
MSFT,Microsoft Corporation,418.58,34.6157,0.7900001,3147556.4544
ARM,Arm Holdings plc,128.2,213.75757,0.0,148275.085312
ELS,"Equity Lifestyle Properties, In",66.65,34.764103,2.87,13568.44032
AMZN,"Amazon.com, Inc.",220.22,46.901672,0.0,2357357.969408
NFLX,"Netflix, Inc.",886.73,50.259552,0.0,379040.038912
IWF,iShares Russell 1000 Growth ETF,400.67,37.828068,0.0,0.0
DAR,Darling Ingredients Inc.,34.31,21.15244,0.0,5517.374976
TIP,iShares TIPS Bond ETF,106.71,11.965169,0.0,0.0
NEOG,Neogen Corporation,11.94,0,0.0,2654.550528
CHD,"Church & Dwight Company, Inc.",103.84,46.923767,1.09,25636.589568
ADSK,"Autodesk, Inc.",293.32,58.57769,0.0,63372.57472
ENS,EnerSys,92.09,13.341844,1.04,3745.487872
ST,Sensata Technologies Holding pl,27.25,0,1.76,4128.02176
AGG,iShares Core U.S. Aggregate Bon,96.91,123.48214,0.0,0.0
CTSH,Cognizant Technology Solutions ,76.41,16.89823,1.5700001000000001,37871.034368
GEF,Greif Inc.,60.5,13.153017,3.09,3014.399744
PALL,abrdn Physical Palladium Shares,83.75,0,0.0,0.0
ZION,Zions Bancorporation N.A.,54.07,12.503417,3.18,8107.856896
THG,Hanover Insurance Group Inc,152.44,15.10848,2.3599999,5520.316928
AGCO,AGCO Corporation,91.31,40.30568,1.27,6889.76128
PSX,Phillips 66,114.41,14.826309,4.02,47943.888896
ALLE,Allegion plc,128.59,20.058552,1.49,11316.455424
ETR,Entergy Corporation,75.4,18.61165,3.18,32881.610752
MRNA,"Moderna, Inc.",42.0,0,0.0,16231.622656
PCG,Pacific Gas & Electric Co.,20.01,15.9375,0.5,44747.599872
QLYS,"Qualys, Inc.",138.92,30.657328,0.0,5204.998656
LRCX,Lam Research Corporation,72.44,24.307444,1.27,96643.293184
XLI,SPDR Select Sector Fund - Indus,131.3,25.34686,0.0,0.0
CLH,"Clean Harbors, Inc.",229.5,30.139143,0.0,12492.194816
CBRE,CBRE Group Inc,129.9,42.556637,0.0,40241.364992
CVX,Chevron Corporation,146.71,16.123228,4.44,263604.71552
CNXC,Concentrix Corporation,43.54,14.429906,3.06,3002.402048
ATR,"AptarGroup, Inc.",154.16,30.976095,1.17,10347.483136
NTAP,"NetApp, Inc.",115.4,21.535913,1.6400000000000001,23774.603264
EXR,Extra Space Storage Inc,147.79,40.277332,4.38,33313.529856
FR,"First Industrial Realty Trust, ",49.48,21.646553,2.9899999999999998,6829.417984
EXPE,"Expedia Group, Inc.",185.33,24.19896,0.0,23883.907072
DBB,Invesco DB Base Metals Fund,18.68,3.289007,0.0,0.0
BWX,SPDR Bloomberg International Tr,21.27,0,0.0,0.0
DD,"DuPont de Nemours, Inc.",75.43,58.398438,2.02,31242.1376
REGN,"Regeneron Pharmaceuticals, Inc.",715.19,17.771591,0.0,78917.50912
INCY,Incyte Corporation,69.53,773.6666,0.0,13414.218752
CROX,"Crocs, Inc.",110.03,8.052325,0.0,6457.668096
SNPS,"Synopsys, Inc.",482.75,53.258896,0.0,76316.704768
WLK,Westlake Corporation,112.13,155.52777,1.87,14412.49792
NVST,Envista Holdings Corporation,19.11,0,0.0,3288.764672
TKO,"TKO Group Holdings, Inc.",142.73,0,0.0,11563.33568
BA,Boeing Company (The),171.87,0,0.0,127115.10016
TOL,"Toll Brothers, Inc.",124.56,8.409727,0.6,12627.67104
ACGL,Arch Capital Group Ltd.,91.38,6.130114,0.0,34388.516864
ATO,Atmos Energy Corporation,138.29,20.231777,2.3699999,21571.018752
DXCM,"DexCom, Inc.",78.5,49.133335,0.0,31665.537024
KEY,KeyCorp,16.98,Infinity,4.8299997999999995,17139.283968
CF,"CF Industries Holdings, Inc.",85.83,14.026942,2.33,15402.510336
VLY,Valley National Bancorp,8.93,14.596774,4.93,5055.022592
HALO,"Halozyme Therapeutics, Inc.",48.01,15.807948,0.0,6073.817088
GPC,Genuine Parts Company,116.06,15.059278,3.45,16247.74656
X,United States Steel Corporation,32.6,19.28481,0.61000003,6860.960256
DUK,Duke Energy Corporation (Holdin,107.82,19.350088,3.88,83258.105856
A,"Agilent Technologies, Inc.",133.43,30.629799,0.74,38752.387072
MPW,"Medical Properties Trust, Inc.",4.02,0,7.960000000000001,2491.660032
PHM,"PulteGroup, Inc.",107.64,8.121771,0.8200000000000001,22569.275392
BBY,"Best Buy Co., Inc.",86.17,14.318493,4.04,17877.622784
SBAC,SBA Communications Corporation,200.4,31.879938,1.96,21698.142208
CPER,United States Copper Index Fund,25.32,2.9578607,0.0,0.0
UPS,"United Parcel Service, Inc.",123.87,18.727686,5.2600004,105638.674432
BG,Bunge Limited,77.57,9.794677,3.5099998,10790.375424
SF,Stifel Financial Corporation,106.13,19.177305,1.5800001000000001,11070.500864
BYD,Boyd Gaming Corporation,71.83,13.863117,0.95,6445.333504
XLC,The Communication Services Sele,97.28,21.835232,0.0,0.0
AXTA,Axalta Coating Systems Ltd.,33.56,22.87162,0.0,7381.43232
CDW,CDW Corporation,170.03,21.29951,1.47,23218.5856
IRDM,Iridium Communications Inc,29.57,32.35484,1.8900000000000001,3425.686272
JHG,Janus Henderson Group plc,43.08,17.189724,3.6199997999999995,6912.996864
FIX,"Comfort Systems USA, Inc.",428.5,34.31905,0.33000002,15965.060096
WAB,Westinghouse Air Brake Technolo,188.97,31.68885,0.42,32736.45056
AAPL,Apple Inc.,243.85,40.158417,0.41000000000000003,3686003.638272
VMC,Vulcan Materials Company (Holdi,255.57,40.239437,0.72000003,33956.845568
LLY,Eli Lilly and Company,778.07,83.99355,0.77,703247.089664
OZK,Bank OZK,43.83,7.2335525,3.74,4989.39904
EMN,Eastman Chemical Company,88.52,11.886059,3.75,10278.00576
ISRG,"Intuitive Surgical, Inc.",524.03,85.784454,0.0,190660.837376
CACI,"CACI International, Inc.",410.96,20.819624,0.0,9414.581248
PNFP,"Pinnacle Financial Partners, In",113.52,21.695488,0.7799999999999999,8915.641344
V,Visa Inc.,314.4,32.364853,0.75,608824.983552
VRSN,"VeriSign, Inc.",205.1,23.993,0.0,19760.080896
ASGN,ASGN Incorporated,82.86,20.896807,0.0,3759.21024
GHC,Graham Holdings Company,865.5,17.378103,0.7900001,3852.084992
ASH,Ashland Inc.,69.74,17.683416,2.32,3320.556544
CINF,Cincinnati Financial Corporatio,142.48,7.302159,2.27,22212.364288
DOW,Dow Inc.,39.55,26.442953,7.08,27688.626176
DGX,Quest Diagnostics Incorporated,150.96,20.419353,1.9900000000000002,16956.550144
CE,Celanese Corporation,68.42,6.586653,4.0900003,7228.802048
SWKS,"Skyworks Solutions, Inc.",88.45,24.07859,3.35,14208.979968
KMX,CarMax Inc,81.22,27.234694,0.0,12323.414016
WTRG,"Essential Utilities, Inc.",36.04,18.08,3.61,9929.933824
TLT,iShares 20+ Year Treasury Bond ,87.57,0,0.0,0.0
GLW,Corning Incorporated,46.71,250.0,2.4,40669.929472
HOMB,"Home BancShares, Inc.",27.81,14.561855,2.7999999,5616.04352
FOUR,"Shift4 Payments, Inc.",108.34,60.633335,0.0,9833.710592
FXF,Invesco CurrencyShares Swiss Fr,97.2936,0,0.0,0.0
SRPT,"Sarepta Therapeutics, Inc.",124.09,82.00649,0.0,12063.17056
SBRA,"Sabra Health Care REIT, Inc.",17.05,42.09756,7.04,4083.49184
PWR,"Quanta Services, Inc.",315.5,60.466663,0.13,48198.26688
GBCI,"Glacier Bancorp, Inc.",49.66,31.080246,2.6600001,5709.588992
TRV,"The Travelers Companies, Inc.",240.89,12.450668,1.7399999999999998,55004.434432
TRGP,"Targa Resources, Inc.",183.06,33.66546,1.6400000000000001,40596.791296
CC,Chemours Company (The),16.71,33.38,5.9799999999999995,2493.669888
CADE,Cadence Bank,33.7,54.68254,2.97,6303.247872
COLB,"Columbia Banking System, Inc.",26.86,11.585471,5.3600002,5680.385536
IBKR,"Interactive Brokers Group, Inc.",182.5,28.616823,0.5499999999999999,77625.737216
O,Realty Income Corporation,52.6,50.74286,6.02,46631.23968
LYV,"Live Nation Entertainment, Inc.",129.23,145.49438,0.0,29860.265984
MSTR,MicroStrategy Incorporated,300.01,0,0.0,83372.60544
FCN,"FTI Consulting, Inc.",189.83,21.996555,0.0,6886.568448
STT,State Street Corporation,97.95,15.308777,3.1,28632.057856
GAP,"Gap, Inc. (The)",23.61,11.212962,2.7199999999999998,9133.894656
TTC,Toro Company (The),79.07,19.982542,1.78,8107.873792
KEYS,Keysight Technologies Inc.,160.84,46.666668,0.0,28365.735936
USFD,US Foods Holding Corp.,67.39,29.175968,0.0,15835.194368
ORCL,Oracle Corporation,166.03,40.665035,0.83,465190.42048
MMC,"Marsh & McLennan Companies, Inc",211.34,26.018475,1.54,103759.347712
BURL,"Burlington Stores, Inc.",285.8,39.395096,0.0,18356.166656
JBHT,"J.B. Hunt Transport Services, I",171.2,31.967274,1.0,17727.930368
RTX,RTX Corporation,116.01,33.48844,2.17,154410.68032
IEX,IDEX Corporation,206.06,32.096127,1.34000005,15676.2368
DRI,"Darden Restaurants, Inc.",186.51,21.453714,3.5000000000000004,22057.099264
ESS,"Essex Property Trust, Inc.",279.52,33.245613,3.5099998,18931.021824
WSM,"Williams-Sonoma, Inc.",187.55,22.777777,1.66,23721.3696
EXEL,"Exelixis, Inc.",33.94,21.91613,0.0,9701.118976
GD,General Dynamics Corporation,261.01,20.058643,2.18,72418.582528
GPN,Global Payments Inc.,111.9,21.241508,0.89,28651.04896
VOYA,"Voya Financial, Inc.",68.63,10.886792,2.6199998,6662.16192
AVB,"AvalonBay Communities, Inc.",217.07,29.941256,3.1300000000000003,31174.080512
EXPD,Expeditors International of Was,110.02,21.692007,1.3300001000000001,15576.528896
OTIS,Otis Worldwide Corporation,92.24,22.9358,1.6900001000000002,37105.93024
DFS,Discover Financial Services,174.2,12.017748,1.6099999999999999,44231.02464
VVV,Valvoline Inc.,35.84,21.969326,0.0,4593.957888
AIZ,"Assurant, Inc.",211.41,15.132143,1.50999995,10865.235968
ONTO,Onto Innovation Inc.,171.41,48.656757,0.0,8891.915264
IPGP,IPG Photonics Corporation,72.67,0,0.0,3146.731776
DLB,Dolby Laboratories,77.79,28.8524,1.6900001000000002,7475.863552
PGR,Progressive Corporation (The),240.65,17.590414,2.0399998999999998,141895.139328
LITE,Lumentum Holdings Inc.,85.6,0,0.0,6138.34496
LIVN,LivaNova PLC,46.65,109.93023,0.0,2566.798848
IRT,"Independence Realty Trust, Inc.",19.76,Infinity,3.2399999999999998,4602.296832
SYK,Stryker Corporation,358.72,38.748123,0.9400000000000001,137817.21088
WEN,Wendy's Company (The),16.12,17.202127,6.2,3296.173568
PLNT,"Planet Fitness, Inc.",99.59,53.89247,0.0,8479.68256
PRGO,Perrigo Company plc,26.0,0,4.25,3540.306688
WDAY,"Workday, Inc.",251.84,41.51724,0.0,67255.43936
VAC,Marriott Vacations Worldwide Co,87.39,16.51521,3.6199997999999995,3032.736
XLF,SPDR Select Sector Fund - Finan,48.21,17.116415,0.0,0.0
ASB,Associated Banc-Corp,23.6,19.696722,3.9,3966.272
OSK,Oshkosh Corporation (Holding Co,93.57,9.149514,1.97,6131.725312
ULTA,"Ulta Beauty, Inc.",429.16,17.267815,0.0,20002.779136
BNDX,Vanguard Total International Bo,49.09,0,0.0,0.0
FNF,FNF Group of Fidelity National ,55.98,20.661818,3.5700000000000003,15548.168192
MANH,"Manhattan Associates, Inc.",268.84,77.51136,0.0,16663.784448
MLI,"Mueller Industries, Inc.",79.73,15.708171,1.0,9182.963712
SOLV,Solventum Corporation,65.93,176.63159,0.0,11595.449344
ECL,Ecolab Inc.,230.93,32.483192,1.13,65673.756672
PSN,Parsons Corporation,90.51,130.00002,0.0,9801.336832
LEN,Lennar Corporation,134.37,9.495458,1.37,36729.18016
DIA,SPDR Dow Jones Industrial Avera,423.8,24.837679,0.0,0.0
VLO,Valero Energy Corporation,123.15,10.928761,3.4799999999999995,39338.852352
J,Jacobs Solutions Inc.,132.96,27.933195,0.83,16593.47456
HAS,"Hasbro, Inc.",56.43,0,4.96,7923.656192
FCFS,"FirstCash Holdings, Inc.",102.59,19.081331,1.48,4619.780096
MTN,"Vail Resorts, Inc.",175.16,29.528053,4.66,6699.227136
SLY,SPDR S&P 600 Small Cap ETF (bas,85.9909,12.160919,0.0,0.0
FXA,Invesco CurrencyShares Australi,61.4127,0,0.0,0.0
SLV,iShares Silver Trust,26.93,0,0.0,0.0
SAIA,"Saia, Inc.",445.33,33.163223,0.0,12374.168576
ES,Eversource Energy (D/B/A),57.34,0,4.99,20998.498304
CVS,CVS Health Corporation,44.22,11.616752,6.02,57597.423616
KEX,Kirby Corporation,104.97,20.381958,0.0,6095.30624
ZBRA,Zebra Technologies Corporation,383.76,53.169605,0.0,20212.137984
WMB,"Williams Companies, Inc. (The)",55.88,23.983051,3.4000000000000004,68995.964928
HBAN,Huntington Bancshares Incorpora,16.24,15.970875,3.82,23898.724352
JNPR,"Juniper Networks, Inc.",37.78,49.93421,2.33,12564.827136
WBA,"Walgreens Boots Alliance, Inc.",9.19,0,10.879999999999999,8203.136
HR,Healthcare Realty Trust Incorpo,16.47,0,7.53,5932.242432
ORLY,"O'Reilly Automotive, Inc.",1187.71,29.822187,0.0,69520.46592
INTU,Intuit Inc.,622.79,61.30642,0.61000003,176412.082176
CASY,"Caseys General Stores, Inc.",394.65,27.69172,0.44,14485.527552
XOM,Exxon Mobil Corporation,107.31,13.365552,3.6900000000000004,474054.393856
FLEX,Flex Ltd.,38.62,19.259617,0.0,15534.587904
ILMN,"Illumina, Inc.",130.93,0,0.0,21571.18464
CANE,Teucrium Sugar Fund ETV,11.67,0,0.0,0.0
PFGC,Performance Food Group Company,84.05,31.029411,0.0,13149.94176
JNJ,Johnson & Johnson,144.02,23.79373,3.44,347154.743296
BALL,Ball Corporation,54.44,22.512499,1.47,16123.9552
GOOG,Alphabet Inc.,190.63,25.245752,0.42,2325458.976768
CAR,"Avis Budget Group, Inc.",80.44,7.293488,0.0,2872.980992
PNC,"PNC Financial Services Group, I",191.39,16.536772,3.34,77622.665216
CEG,Constellation Energy Corporatio,242.6,26.73729,0.58,78942.388224
AMKR,"Amkor Technology, Inc.",26.01,17.569536,1.23000005,6543.120896
TMO,Thermo Fisher Scientific Inc,522.57,33.376415,0.3,203497.652224
WHR,Whirlpool Corporation,115.06,11.322835,6.08,6343.270912
ZI,ZoomInfo Technologies Inc.,10.46,354.50003,0.0,3884.752896
SHC,Sotera Health Company,13.62,54.52,0.0,3860.547584
ITW,Illinois Tool Works Inc.,250.03,21.843288,2.4,74501.234688
PRA,ProAssurance Corporation,15.71,18.73494,0.0,795.480448
XLY,SPDR Select Sector Fund - Consu,221.4,29.128618,0.0,0.0
BF-B,Brown Forman Inc,37.18,17.099058,2.21,17072.95232
EEM,iShares MSCI Emerging Index Fun,41.76,13.462138,0.0,0.0
DBC,Invesco DB Commodity Index Trac,21.59,5.1946793,0.0,0.0
HOG,"Harley-Davidson, Inc.",29.43,6.683742,2.34,3821.083392
AMP,"Ameriprise Financial, Inc.",529.96,20.467533,1.1199999999999999,51984.306176
JEF,Jefferies Financial Group Inc.,79.02,34.615387,1.77,16645.420032
AVY,Avery Dennison Corporation,183.31,22.246395,1.9199998999999999,14871.314432
DINO,HF Sinclair Corporation,35.13,20.3526,5.6900002,6624.832
AMT,American Tower Corporation (REI,181.03,43.99036,3.58,85308.276736
LMT,Lockheed Martin Corporation,482.25,17.438293,2.74,114208.210944
CMI,Cummins Inc.,347.65,23.220839,2.09,48610.443264
EFX,"Equifax, Inc.",251.13,56.308887,0.62,31408.197632
ALV,"Autoliv, Inc.",92.31,12.178851,3.0299999,7249.798656
FDS,FactSet Research Systems Inc.,476.51,34.030087,0.88,18046.959616
NVT,nVent Electric plc,68.46,20.597668,1.17,11644.251136
FOXA,Fox Corporation,48.99,12.05868,1.0999999999999999,21874.01216
RL,Ralph Lauren Corporation,231.56,22.353672,1.43,14561.430528
LPX,Louisiana-Pacific Corporation,103.87,18.39759,1.0,7507.761152
GEHC,GE HealthCare Technologies Inc.,78.38,22.060272,0.18000001,36787.412992
SWK,"Stanley Black & Decker, Inc.",79.88,0,4.1100003,12450.284544
SO,Southern Company (The),82.07,19.18881,3.5099998,90196.3776
DELL,Dell Technologies Inc.,116.53,21.22301,1.26,83992.04352
DASH,"DoorDash, Inc.",170.65,0,0.0,72677.687296
KRC,Kilroy Realty Corporation,39.85,24.329342,5.42,4842.974208
FHN,First Horizon Corporation,20.0,14.7883215,3.0,10740.595712
LIN,Linde plc,414.17,31.444868,1.34000005,197210.144768
MPC,Marathon Petroleum Corporation,141.49,11.073701,2.5700000000000003,45875.064832
EBAY,eBay Inc.,62.27,15.518891,1.73,29511.190528
EWBC,"East West Bancorp, Inc.",94.47,12.056818,2.33,13237.682176
CCI,Crown Castle Inc.,89.26,31.911348,7.01,39109.476352
RH,RH,395.1,112.62778,0.0,7542.691328
CNX,CNX Resources Corporation,37.32,10.788274,0.0,4943.855616
PEG,Public Service Enterprise Group,85.1,21.191645,2.8199999,42971.906048
MTSI,MACOM Technology Solutions Hold,129.43,131.27885,0.0,10100.844544
SIGI,"Selective Insurance Group, Inc.",92.15,24.827957,1.6500000000000001,5614.934016
XEL,Xcel Energy Inc.,66.86,19.789318,3.2800000000000002,38296.199168
KLAC,KLA Corporation,636.62,30.000458,1.0699999999999998,87881.662464
NVDA,NVIDIA Corporation,138.31,54.723484,0.029999999000000003,3538070.274048
HLNE,Hamilton Lane Incorporated,149.15,32.246784,1.3099999,8268.005888
XOP,SPDR S&P Oil & Gas Explor & Pro,134.82,9.975404,0.0,0.0
LVS,Las Vegas Sands Corp.,49.9,24.960396,1.6,36555.808768
EXLS,"ExlService Holdings, Inc.",44.21,39.236843,0.0,7196.251648
OXY,Occidental Petroleum Corporatio,49.81,13.838355,1.77,47395.700736
RGLD,"Royal Gold, Inc.",134.09,30.834862,1.34000005,8840.344576
NDSN,Nordson Corporation,204.97,25.561577,1.25,11834.241024
ROST,"Ross Stores, Inc.",152.6,24.29134,1.0299999,50891.546624
CNO,"CNO Financial Group, Inc.",37.14,14.841897,1.72,3875.497984
CMCSA,Comcast Corporation,37.42,10.0991955,3.3099998,143790.145536
HSIC,"Henry Schein, Inc.",68.55,28.31557,0.0,8614.209536
HCA,"HCA Healthcare, Inc.",297.75,13.322856,0.89,75153.219584
BKH,Black Hills Corporation,58.11,15.661246,4.4699997,4136.215296
BWZ,SPDR Bloomberg Short Term Inter,25.2399,0,0.0,0.0
ENSG,"The Ensign Group, Inc.",132.87,32.082325,0.18000001,7591.68
IT,"Gartner, Inc.",483.3,35.91796,0.0,37484.957696
CNC,Centene Corporation,60.51,10.618307,0.0,31039.09888
WDC,Western Digital Corporation,61.87,70.40659,0.0,22149.511168
MS,Morgan Stanley,124.78,19.139818,2.97,202894.37696
UHS,"Universal Health Services, Inc.",179.67,11.910119,0.44999999999999996,11800.58624
PKG,Packaging Corporation of Americ,225.24,26.326342,2.22,20285.130752
BERY,"Berry Global Group, Inc.",64.59,14.69178,1.8499999999999999,7413.12
BAC,Bank of America Corporation,44.29,16.060932,2.35,343821.778944
POR,Portland General Electric Co,43.21,12.919163,4.63,4550.426624
COR,"Cencora, Inc.",224.74,30.438246,0.98,44299.776
FFIN,"First Financial Bankshares, Inc",35.57,24.84138,2.02,5114.08384
NKE,"Nike, Inc.",73.67,22.626543,2.08,109121.929216
EFA,iShares MSCI EAFE ETF,75.35,15.570084,0.0,0.0
CPRT,"Copart, Inc.",56.32,39.797203,0.0,54834.376704
FYBR,"Frontier Communications Parent,",34.83,0,0.0,8730.466304
HPQ,HP Inc.,32.47,11.793594,2.8199999,31078.62528
NLY,Annaly Capital Management Inc.,18.38,0,14.149999999999999,10639.200256
FE,FirstEnergy Corp.,39.91,25.754839,4.2600001999999995,23006.572544
OIH,VanEck Oil Services ETF,276.18,11.315422,0.0,0.0
TROW,"T. Rowe Price Group, Inc.",113.43,12.561884,4.37,25479.417856
CIEN,Ciena Corporation,83.24,144.15518,0.0,11882.318848
MAS,Masco Corporation,71.62,19.202127,1.6199999999999999,15577.076736
MTG,MGIC Investment Corporation,23.67,8.427562,2.1999999999999997,6042.755072
VTRS,Viatris Inc.,12.42,0,3.8599998,14824.415232
FIS,Fidelity National Information S,80.09,82.74227,1.7999999999999998,43208.290304
LOW,"Lowe's Companies, Inc.",246.98,20.65503,1.6900001000000002,140304.22016
GT,The Goodyear Tire & Rubber Comp,8.75,0,0.0,2515.843584
HES,Hess Corporation,135.42,15.877765,1.48,42024.214528
ASML,ASML Holding N.V. - New York Re,700.42,38.324036,0.97,280886.345728
BEN,"Franklin Resources, Inc.",20.14,24.011765,6.36,10694.493184
KVUE,Kenvue Inc.,21.28,38.545456,3.85,40645.914624
SHW,Sherwin-Williams Company (The),333.16,33.45328,0.86,84758.60992
TDG,Transdigm Group Incorporated,1254.11,49.86552,0.0,71725.252608
ALL,Allstate Corporation (The),191.95,12.375566,1.9199998999999999,50696.536064
WWD,"Woodward, Inc.",171.38,29.01329,0.5599999999999999,10375.240704
BLK,"BlackRock, Inc.",1017.4,25.211903,2.01,158105.141248
REG,Regency Centers Corporation,72.21,34.448116,3.9100002000000003,13335.424
EGP,"EastGroup Properties, Inc.",158.22,33.117283,3.54,7967.926272
AYI,"Acuity Brands, Inc.",298.52,22.457186,0.2,9344.110592
TPR,"Tapestry, Inc.",65.63,19.353622,2.1300000999999997,15559.81312
TGT,Target Corporation,137.19,14.415073,2.87,62220.603392
EVRG,"Evergy, Inc.",61.64,16.680216,4.33,14155.022336
HII,"Huntington Ingalls Industries, ",187.61,10.631995,2.8800000999999997,7359.438848
WELL,Welltower Inc.,124.72,80.14012,2.15,78346.8544
TTEK,"Tetra Tech, Inc.",39.88,32.707317,0.53,10771.22048
BILL,"BILL Holdings, Inc.",84.05,1260.5714,0.0,9132.57472
DUOL,"Duolingo, Inc.",325.88,178.97894,0.0,14957.403136
SHV,iShares Short Treasury Bond ETF,110.13,0,0.0,0.0
TFX,Teleflex Incorporated,179.05,36.133198,0.76,8441.142272
GDDY,GoDaddy Inc.,198.91,15.980063,0.0,28132.954112
ADP,"Automatic Data Processing, Inc.",289.65,31.163464,2.1300000999999997,118851.13344
TMUS,"T-Mobile US, Inc.",219.53,25.012556,1.6,254274.961408
OGS,"ONE Gas, Inc.",68.37,18.020887,3.8599998,3910.348544
HGV,Hilton Grand Vacations Inc.,38.35,42.784092,0.0,3708.096
TKR,Timken Company (The),69.85,14.842323,1.95,5016.18432
PDD,PDD Holdings Inc.,96.89,9.624254,0.0,134557.53216
BRX,Brixmor Property Group Inc.,27.2425,25.546295,4.18,8333.918208
PSTG,"Pure Storage, Inc.",62.49,164.69232,0.0,20954.202112
DHR,Danaher Corporation,229.81,44.22599,0.47000000000000003,169619.062784
ODFL,"Old Dominion Freight Line, Inc.",175.73,31.683012,0.58999998,38623.924224
RLI,RLI Corp.,163.21,17.892189,0.70999996,7452.408832
ADI,"Analog Devices, Inc.",211.35,65.66158,1.6500000000000001,106887.479296
STWD,"STARWOOD PROPERTY TRUST, INC. S",19.05,16.415257,10.08,6718.659072
YETI,"YETI Holdings, Inc.",37.52,16.221277,0.0,3233.544192
PLD,"Prologis, Inc.",104.26,31.912386,3.6799999999999997,97831.862272
DECK,Deckers Outdoor Corporation,204.54,36.106274,0.0,31485.835264
CGNX,Cognex Corporation,35.7,71.07843,0.8999999999999999,6217.419264
ITT,ITT Inc.,141.82,24.201693,0.8999999999999999,11637.384192
GPK,Graphic Packaging Holding Compa,26.78,11.418103,1.49,7950.708736
PPG,"PPG Industries, Inc.",115.42,18.10935,2.3,26510.639104
TFC,Truist Financial Corporation,43.33,0,4.8,58543.628288
USO,United States Oil Fund,76.93,23.576399,0.0,0.0
ORA,"Ormat Technologies, Inc.",69.13,35.158165,0.69,4168.614144
TTD,"The Trade Desk, Inc.",117.73,196.51613,0.0,60137.058304
EXP,Eagle Materials Inc,244.15,17.499292,0.41000000000000003,8299.978752
CME,CME Group Inc.,232.72,24.422268,4.4699997,83784.163328
EHC,Encompass Health Corporation,91.85,21.454117,0.74,9186.384896
CCEP,Coca-Cola Europacific Partners ,76.55,20.92033,2.73,36248.08448
JLL,Jones Lang LaSalle Incorporated,249.31,25.651516,0.0,12048.581632
NXT,Nextracker Inc.,39.5,9.9075,0.0,5843.720704
ESAB,ESAB Corporation,118.33,26.501125,0.27,7128.644608
BLD,TopBuild Corp.,310.3,15.700397,0.0,9338.162176
TT,Trane Technologies plc,373.84,34.241688,0.8999999999999999,85758.89408
HOLX,"Hologic, Inc.",71.74,22.045181,0.0,16609.811456
OC,Owens Corning Inc,169.29,14.612904,1.63,14766.910464
KR,Kroger Company (The),61.94,16.259258,2.1399999999999997,44472.823808
UA,"Under Armour, Inc.",7.28,0,0.0,3431.527424
EQR,Equity Residential,70.07,29.915613,3.85,27728.494592
CNM,"Core & Main, Inc.",51.33,24.004608,0.0,10348.875776
IR,Ingersoll Rand Inc.,90.52,44.25359,0.09000000400000001,37274.578944
WFRD,Weatherford International plc,72.29,10.113573,1.38,5305.048576
K,Kellanova,81.06,27.160534,2.8099999,27992.922112
MET,"MetLife, Inc.",81.78,16.675457,2.6700001,56923.844608
CFG,"Citizens Financial Group, Inc.",43.6,17.47451,3.85,19637.63712
LSCC,Lattice Semiconductor Corporati,55.95,55.17647,0.0,7765.008384
MSA,MSA Safety Incorporated,165.01,23.859623,1.24,6481.03936
IP,International Paper Company,53.16,45.17094,3.4799999999999995,18360.512512
ELF,"e.l.f. Beauty, Inc.",122.99,66.69681,0.0,7063.344128
IEI,iShares 3-7 Year Treasury Bond ,115.54,0,0.0,0.0
SLAB,"Silicon Laboratories, Inc.",125.05,0,0.0,4142.31168
LQD,iShares iBoxx $ Investment Grad,106.85,32.234653,0.0,0.0
LYB,LyondellBasell Industries NV,72.78,11.042488,7.359999999999999,23632.564224
IBND,SPDR Bloomberg International Co,28.1,0,0.0,0.0
IBM,International Business Machines,219.94,32.035973,3.04,205872.201728
CXT,"Crane NXT, Co.",58.63,19.232258,1.09,3408.964096
NOV,NOV Inc.,14.7,5.4338236,2.0399998999999998,5750.661632
DAL,"Delta Air Lines, Inc.",59.07,8.183079,1.0199999,38071.578624
H,Hyatt Hotels Corporation,156.31,11.762762,0.38,15011.761152
MTZ,"MasTec, Inc.",139.99,129.81416,0.0,11622.982656
DT,"Dynatrace, Inc.",54.35,101.5,0.0,16359.908352
AOS,A.O. Smith Corporation,67.33,18.100264,2.02,9946.657792
JBL,Jabil Inc.,142.83,14.145558,0.22,16715.974656
RVTY,"Revvity, Inc.",112.0,54.35407,0.25,13825.34656
WAT,Waters Corporation,368.26,35.405716,0.0,22073.696256
SSB,SouthState Corporation,97.0,15.035494,2.23,9859.233792
ZTS,Zoetis Inc.,162.61,30.697367,1.23000005,73679.757312
FIVE,"Five Below, Inc.",99.08,20.09731,0.0,5339.781632
NCLH,Norwegian Cruise Line Holdings ,25.92,22.298246,0.0,11177.377792
PPC,Pilgrim's Pride Corporation,47.23,11.382422,0.0,11362.93376
CLX,Clorox Company (The),161.83,56.559025,3.0199999,20162.686976
COO,"The Cooper Companies, Inc.",90.66,46.83163,0.02,18319.724544
HST,"Host Hotels & Resorts, Inc.",17.2,16.94175,4.65,12363.83232
DBX,"Dropbox, Inc.",29.56,17.34104,0.0,9043.919872
LNTH,"Lantheus Holdings, Inc.",88.8,14.7589,0.0,6341.539328
PG,Procter & Gamble Company (The),165.98,28.668402,2.4300002000000003,390889.14432
GNRC,Generac Holdlings Inc.,157.0,33.1,0.0,9452.931072
DOCU,"DocuSign, Inc.",90.35,18.715767,0.0,18224.494592
CSX,CSX Corporation,32.16,17.202127,1.49,62365.10208
AMAT,"Applied Materials, Inc.",163.87,19.043673,0.86,138375.266304
TTWO,"Take-Two Interactive Software, ",183.07,0,0.0,33149.597696
RNR,RenaissanceRe Holdings Ltd.,248.83,3.5614877,0.63,13131.990016
FXE,Invesco CurrencyShares Euro Cur,94.67,0,0.0,0.0
POST,"Post Holdings, Inc.",113.31,20.117022,0.0,6601.170944
OLED,Universal Display Corporation,149.63,30.425703,1.0699999999999998,7191.351296
OLN,Olin Corporation,33.52,25.68254,2.39,3773.046528
TEAM,Atlassian Corporation,242.39,0,0.0,65178.566656
FXY,Invesco CurrencyShares Japanese,58.55,0,0.0,0.0
BDX,"Becton, Dickinson and Company",226.49,38.919933,1.7500000000000002,66255.228928
WSO,"Watsco, Inc.",468.8,36.623558,2.3,19584.169984
UMBF,UMB Financial Corporation,111.79,14.120947,1.43,5526.418944
PTC,PTC Inc.,183.01,59.33762,0.0,22210.494464
WTS,"Watts Water Technologies, Inc.",200.58,24.362108,0.86,6772.680192
G,Genpact Limited,42.99,11.796747,1.4199998999999999,7676.993536
COTY,Coty Inc.,6.86,37.833332,0.0,5924.005376
BMY,Bristol-Myers Squibb Company,56.17,0,4.37,115179.913216
SYNA,Synaptics Incorporated,82.48,20.201994,0.0,3245.131008
TBRG,"TruBridge, Inc.",19.9,0,0.0,308.352576
EME,"EMCOR Group, Inc.",457.63,24.067581,0.22,21788.895232
TREX,"Trex Company, Inc.",68.25,31.703196,0.0,7439.007744
NUE,Nucor Corporation,114.48,11.111645,1.9199998999999999,27109.158912
AOR,iShares Core Growth Allocation ,57.2,20.661625,0.0,0.0
STZ,"Constellation Brands, Inc.",222.57,70.900955,1.82,40297.787392
AWK,"American Water Works Company, I",123.86,24.557539,2.4699999999999998,24122.03008
ONB,Old National Bancorp,21.17,12.856287,2.6500002,7319.143936
SMG,Scotts Miracle-Gro Company (The,65.71,0,4.02,3826.977792
GFS,GlobalFoundries Inc.,42.48,32.71212,0.0,23863.642112
VTR,"Ventas, Inc.",57.96,0,3.11,24461.686784
LKQ,LKQ Corporation,36.24,13.501845,3.3099998,9511.936
CCK,"Crown Holdings, Inc.",81.21,98.21951,1.23000005,9635.161088
KNX,Knight-Swift Transportation Hol,52.73,237.04347,1.21,8826.405888
DOCS,"Doximity, Inc.",53.56,63.471264,0.0,10309.132288
WEX,WEX Inc.,175.1,22.519083,0.0,7041.644032
EG,"Everest Group, Ltd.",363.33,5.6973014,2.1999999999999997,15693.206528
BLKB,"Blackbaud, Inc.",73.72,73.67327,0.0,3773.904128
FRT,Federal Realty Investment Trust,108.95,31.869184,4.04,9383.51616
LULU,lululemon athletica inc.,372.31,27.384502,0.0,46056.271872
CDNS,"Cadence Design Systems, Inc.",297.66,79.75328,0.0,83337.551872
WPC,W. P. Carey Inc. REIT,54.29,21.679842,6.4799999999999995,12003.812352
GS,"Goldman Sachs Group, Inc. (The)",574.97,16.864244,2.09,182108.618752
LHX,"L3Harris Technologies, Inc.",207.36,33.18829,2.2399999999999998,39782.862848
HIG,Hartford Financial Services Gro,109.04,10.993976,1.91,31743.066112
CMS,CMS Energy Corporation,66.53,18.97721,3.1,19902.068736
MCHP,Microchip Technology Incorporat,56.88,40.048607,3.2,30969.36448
UNP,Union Pacific Corporation,229.12,21.277573,2.34,140348.506112
DKS,Dick's Sporting Goods Inc,226.91,16.389128,2.0399998999999998,18667.460608
TNL,Travel   Leisure Co.,49.91,9.231481,4.01,3410.960896
CLF,Cleveland-Cliffs Inc.,9.54,0,0.0,4692.468224
BKR,Baker Hughes Company,41.56,19.130045,2.02,42213.179392
IQV,"IQVIA Holdings, Inc.",195.12,25.938238,0.0,35826.286592
F,Ford Motor Company,9.65,10.977778,6.22,38565.986304
ARW,"Arrow Electronics, Inc.",111.38,12.59911,0.0,5950.077952
EQT,EQT Corporation,47.35,62.693333,1.3300001000000001,28056.08448
CPAY,"Corpay, Inc.",339.93,24.27912,0.0,23830.706176
MRK,"Merck & Company, Inc.",99.17,20.740585,3.27,250863.86176
TEX,Terex Corporation,44.52,6.678832,1.53,3056.100096
JWN,"Nordstrom, Inc.",24.15,15.297468,3.09,3989.186304
CSL,Carlisle Companies Incorporated,366.35,19.899733,1.09,16822.39488
RF,Regions Financial Corporation,23.26,13.344633,4.3,21467.367424
LFUS,"Littelfuse, Inc.",234.7,30.737452,1.1900000000000002,5926.49472
MAT,"Mattel, Inc.",17.73,11.426751,0.0,6043.250688
AFL,AFLAC Incorporated,102.36,15.328381,2.27,57308.270592
PRI,"Primerica, Inc.",271.76,13.622473,1.3200001,9223.855104
JNK,SPDR Bloomberg High Yield Bond ,95.75,20.102661,0.0,0.0
PEN,"Penumbra, Inc.",239.99,278.12643,0.0,9286.61504
PGX,Invesco Preferred ETF,11.7,0,0.0,0.0
HWM,Howmet Aerospace Inc.,110.79,43.369232,0.29,45809.99168
CIVI,"Civitas Resources, Inc.",47.7,4.677388,10.42,4631.711744
NFG,National Fuel Gas Company,61.36,73.03571,3.36,5571.978752
RPM,RPM International Inc.,119.26,25.327044,1.71,15548.488704
AMG,"Affiliated Managers Group, Inc.",186.9,12.259428,0.02,5698.942464
KIM,Kimco Realty Corporation (HC),22.97,42.907406,4.35,15618.4576
SAIC,Science Applications Internatio,112.15,19.222221,1.1900000000000002,5581.289472
AVT,"Avnet, Inc.",51.67,13.457365,2.48,4527.88736
CCL,Carnival Corporation,25.01,16.930553,0.0,31889.03936
MDT,Medtronic plc.,80.22,24.75535,3.2,103801.372672
XPO,"XPO, Inc.",132.5,45.10098,0.0,16117.021696
LNT,Alliant Energy Corporation,58.51,22.70039,3.2800000000000002,14969.986048
WING,Wingstop Inc.,292.06,87.13743,0.37,8705.557504
POWI,"Power Integrations, Inc.",60.75,94.98462,1.38,3510.820608
FDX,FedEx Corporation,274.28,17.511806,2.0,66091.925504
IEUR,iShares Core MSCI Europe ETF,53.8,15.400684,0.0,0.0
SKX,"Skechers U.S.A., Inc.",67.29,17.01724,0.0,10430.654464
INGR,Ingredion Incorporated,136.5,13.307017,2.34,8895.967232
SNX,TD SYNNEX Corporation,116.48,15.29572,1.37,10034.427904
ADTN,"ADTRAN Holdings, Inc.",8.7,0,6.77,716.925376
MGM,MGM Resorts International,33.66,12.218638,0.0,10149.956608
COST,Costco Wholesale Corporation,909.81,53.884773,0.47000000000000003,406868.95104
SPG,"Simon Property Group, Inc.",173.53,23.44474,4.84,66109.534208
FLS,Flowserve Corporation,57.34,28.793104,1.46,7678.92736
BXP,"BXP, Inc.",73.7,32.56957,5.3200003,13212.177408
CARR,Carrier Global Corporation,68.33,40.26744,1.3200001,62141.943808
LOPE,"Grand Canyon Education, Inc.",161.77,21.422369,0.0,4745.227776
MORN,"Morningstar, Inc.",331.925,44.159634,0.5499999999999999,14354.628608
VMI,"Valmont Industries, Inc.",305.16,21.061182,0.7900001,6207.166976
BRKR,Bruker Corporation,58.81,28.442858,0.33999999999999997,9054.948352
WYNN,"Wynn Resorts, Limited",83.8,10.002401,1.1900000000000002,9149.786112
KBH,KB Home,64.64,8.403081,1.55,4800.47616
JAZZ,Jazz Pharmaceuticals plc,123.76,17.100708,0.0,7288.406528
ZBH,"Zimmer Biomet Holdings, Inc.",104.46,19.937023,0.9199999999999999,20797.261824
IDA,"IDACORP, Inc.",108.49,20.025736,3.17,5803.212288
GL,Globe Life Inc.,112.24,9.45,0.86,9360.718848
AOK,iShares Core Conservative Alloc,37.24,20.708828,0.0,0.0
ALTR,Altair Engineering Inc.,109.31,274.125,0.0,9352.640512
MOH,Molina Healthcare Inc,287.24,14.986768,0.0,16844.827648
T,AT&T Inc.,22.83,18.581966,4.8600003,163811.835904
WFC,Wells Fargo & Company,70.19,14.612704,2.2800000000000002,237425.917952
RS,"Reliance, Inc.",266.61,14.663198,1.6500000000000001,14490.710016
IWD,iShares Russell 1000 Value ETF,184.76,19.7753,0.0,0.0
MAN,ManpowerGroup,57.04,66.33333,5.4,2708.699648
NOW,"ServiceNow, Inc.",1054.34,166.99379,0.0,221536.99328
AOA,iShares Core Aggressive Allocat,76.35,20.663006,0.0,0.0
BR,"Broadridge Financial Solutions,",226.83,39.65917,1.55,26794.46528
EMR,Emerson Electric Company,122.18,43.773052,1.73,70302.908416
KMB,Kimberly-Clark Corporation,130.63,16.80829,3.74,43273.0112
TPX,"Tempur Sealy International, Inc",55.82,25.452055,0.9299999999999999,9679.418368
TRMB,Trimble Inc.,69.71,11.801003,0.0,17233.758208
IFF,International Flavors & Fragran,83.09,0,1.9299999,21098.876928
AMCR,Amcor plc,9.35,17.603775,5.45,13485.022208
GOOGL,Alphabet Inc.,189.43,25.136303,0.42,2325453.733888
PM,Philip Morris International Inc,121.1,19.215748,4.46,189720.346624
MRVL,"Marvell Technology, Inc.",113.56,0,0.25,102261.153792
STAG,"Stag Industrial, Inc.",33.0,33.71717,4.4799999999999995,6208.1792
FLR,Fluor Corporation,49.27,35.172413,0.0,8747.316224
NI,NiSource Inc,36.36,22.189024,2.92,16986.087424
DOC,"Healthpeak Properties, Inc.",20.16,40.84,5.9499998,14282.626048
MASI,Masimo Corporation,168.57,118.089645,0.0,9167.756288
APH,Amphenol Corporation,69.01,40.05714,0.9599999499999999,84513.25952
UFPI,"UFP Industries, Inc.",111.16,15.328749,1.1900000000000002,6767.160832
BTI,British American Tobacco  Indus,36.54,0,8.2200006,81511.538688
DLTR,"Dollar Tree, Inc.",76.47,0,0.0,15775.261696
SLGN,Silgan Holdings Inc.,51.05,18.481884,1.49,5447.612928
CTVA,"Corteva, Inc.",56.34,58.88421,1.21,38447.169536
ARMK,Aramark,36.98,37.13,1.1400000000000001,9835.106304
DCI,"Donaldson Company, Inc.",67.29,19.55874,1.38,8151.950848
SDY,SPDR S&P Dividend ETF,131.27,20.94347,0.0,0.0
LECO,"Lincoln Electric Holdings, Inc.",184.79,22.240143,1.6199999999999999,10503.662592
NTRS,Northern Trust Corporation,102.99,12.861769,2.91,20471.955456
URI,"United Rentals, Inc.",689.83,18.192307,0.95,45627.912192
EL,"Estee Lauder Companies, Inc. (T",73.98,128.85715,1.8900000000000001,25903.853568
ANSS,"ANSYS, Inc.",336.06,52.138676,0.0,29591.330816
GXO,"GXO Logistics, Inc.",43.07,49.325844,0.0,5245.303808
ANF,Abercrombie & Fitch Company,153.24,15.7346525,0.0,8005.229568
RRC,Range Resources Corporation,36.05,17.955,0.89,8665.442304
LW,"Lamb Weston Holdings, Inc.",66.04,26.003967,1.8399999999999999,9420.003328
COP,ConocoPhillips,100.08,11.991695,3.1199999999999997,130765.979648
FLO,"Flowers Foods, Inc.",20.55,18.228071,4.67,4376.226816
BAX,Baxter International Inc.,29.26,118.0,2.32,15062.345728
SAM,"Boston Beer Company, Inc. (The)",301.26,42.54332,0.0,3327.376384
STLD,"Steel Dynamics, Inc.",111.93,10.066727,1.6400000000000001,17226.520576
CVLT,"Commvault Systems, Inc.",152.11,40.243652,0.0,6933.19424
ALGN,"Align Technology, Inc.",208.49,35.539246,0.0,15547.254784
GGG,Graco Inc.,83.51,29.710249,1.3200001,14196.908032
SYY,Sysco Corporation,75.2,19.390745,2.69,37053.177856
WY,Weyerhaeuser Company,27.99,38.849316,2.86,20605.865984
MA,Mastercard Incorporated,522.4,39.526913,0.58,479474.97472
UBSI,"United Bankshares, Inc.",37.04,14.083018,4.0,5046.41024
PH,Parker-Hannifin Corporation,629.52,28.776173,1.04,82082.168832
MAA,Mid-America Apartment Communiti,152.47,34.923424,3.9699999999999998,18600.37632
ARWR,"Arrowhead Pharmaceuticals, Inc.",19.65,0,0.0,2462.548992
AIG,"American International Group, I",72.98,14.475148,2.19,45416.620032
HPE,Hewlett Packard Enterprise Comp,21.47,11.305699,2.4,28700.502016
RGEN,Repligen Corporation,143.05,0,0.0,8398.402048
ALE,"Allete, Inc.",64.9,20.779552,4.35,3760.54784
AEE,Ameren Corporation,88.99,20.905882,3.01,23716.552704
NOC,Northrop Grumman Corporation,468.01,28.80665,1.76,68159.041536
FAST,Fastenal Company,71.11,35.666668,2.19,41070.198784
FXB,Invesco CurrencyShares British ,118.935,0,0.0,0.0
UL,Unilever PLC,56.52,20.624086,3.37,141112.803328
AJG,Arthur J. Gallagher & Co.,275.89,53.51145,0.8699999999999999,70044.762112
AMD,"Advanced Micro Devices, Inc.",120.63,106.24577,0.0,203451.695104
ICE,Intercontinental Exchange Inc.,149.34,35.591446,1.21,86034.685952
SWX,"Southwest Gas Holdings, Inc.",70.31,28.536,3.53,5118.1952
UDR,"UDR, Inc.",42.53,113.36843,4.0,16183.433216
GILD,"Gilead Sciences, Inc.",91.88,1015.6667,3.35,114506.563584
CHE,Chemed Corp,527.96,26.66999,0.38,8015.690752
BUD,Anheuser-Busch Inbev SA Sponsor,49.93,15.265624,1.7500000000000002,96779.173888
PNR,Pentair plc.,100.4,25.265,1.0,16698.24512
BK,The Bank of New York Mellon Cor,77.41,17.21029,2.4300002000000003,55934.111744
KDP,Keurig Dr Pepper Inc.,31.53,19.0,2.9000001,42782.437376
SYF,Synchrony Financial,65.25,8.672728,1.53,26000.392192
HAL,Halliburton Company,27.73,9.678322,2.4500001,24316.936192
EXC,Exelon Corporation,37.66,15.658436,4.04,38233.780224
CAG,"ConAgra Brands, Inc.",27.67,26.84466,5.12,13197.897728
FND,"Floor & Decor Holdings, Inc.",97.53,53.97802,0.0,10534.373376
CMG,"Chipotle Mexican Grill, Inc.",59.89,55.277775,0.0,81346.617344
SNA,Snap-On Incorporated,335.11,17.287552,2.55,17640.247296
SFM,"Sprouts Farmers Market, Inc.",132.96,38.471428,0.0,13463.827456
GTLS,"Chart Industries, Inc.",189.88,56.68376,0.0,8517.696512
PFF,iShares Preferred and Income Se,31.82,3.9734688,0.0,0.0
MOS,Mosaic Company (The),24.38,21.681034,3.61,7988.771328
D,"Dominion Energy, Inc.",54.4,20.195572,4.9099997,45973.745664
PANW,"Palo Alto Networks, Inc.",180.74,47.597404,0.0,120248.64768
NXST,"Nexstar Media Group, Inc.",159.29,9.328887,4.24,4989.252096
EPR,EPR Properties,43.98,19.206898,7.7800006,3374.59584
AEP,American Electric Power Company,91.94,18.558468,4.05,49022.60736
BCO,Brinks Company (The),92.36,35.173584,1.05,4067.936
APA,APA Corporation,23.38,3.3267045,4.279999999999999,8664.159232
THO,"Thor Industries, Inc.",94.51,24.647959,1.8399999999999999,5142.097408
CBSH,"Commerce Bancshares, Inc.",61.75,16.991802,1.7500000000000002,8373.199872
MMM,3M Company,129.7,13.5,2.16,70721.871872
CSCO,"Cisco Systems, Inc.",58.7,25.370691,2.71,235381.1456
STE,STERIS plc (Ireland),202.46,34.30588,1.13,20148.13184
ADBE,Adobe Inc.,441.0,34.863968,0.0,189536.91136
CRWD,"CrowdStrike Holdings, Inc.",347.34,690.4231,0.0,88430.575616
M,Macy's Inc,16.56,27.573769,4.16,4669.837312
PPLT,abrdn Physical Platinum Shares ,84.59,0,0.0,0.0
MKSI,"MKS Instruments, Inc.",106.02,235.4239,0.83,7288.133632
VSH,"Vishay Intertechnology, Inc.",16.69,27.67742,2.4,2330.980096
HUBB,Hubbell Inc,419.99,31.004316,1.26,23129.837568
QQQ,"Invesco QQQ Trust, Series 1",510.23,34.972233,0.0,0.0
PCAR,PACCAR Inc.,103.42,11.733782,1.28,54999.175168
DTE,DTE Energy Company,121.07,16.451963,3.5999999999999996,25179.338752
ZS,"Zscaler, Inc.",181.66,0,0.0,28515.104768
MCD,McDonald's Corporation,292.51,25.700087,2.42,211245.252608
JPST,JPMorgan Ultra-Short Income ETF,50.39,0,0.0,0.0
HD,"Home Depot, Inc. (The)",388.46,26.385084,2.32,386596.995072
BIIB,Biogen Inc.,150.0,13.762206,0.0,22179.8912
NOBL,ProShares S&P 500 Dividend Aris,98.85,20.884686,0.0,0.0
MEDP,"Medpace Holdings, Inc.",334.75,29.314335,0.0,10550.960128
INVH,Invitation Homes Inc.,31.43,43.739727,3.6900000000000004,19560.50944
SEIC,SEI Investments Company,81.92,19.73494,1.2,10557.646848
DIS,Walt Disney Company (The),110.82,40.86765,0.8200000000000001,201304.096768
AA,Alcoa Corporation,37.99,0,1.05,9225.857024
WBS,Webster Financial Corporation,54.81,12.552036,2.92,9509.82656
GLPI,"Gaming and Leisure Properties, ",47.77,16.675959,6.36,13132.401664
WST,"West Pharmaceutical Services, I",328.39,49.860325,0.26,24302.05952
AFG,"American Financial Group, Inc.",135.42,12.711864,2.3599999,11330.724864
BWA,BorgWarner Inc.,31.32,7.8019805,1.39999995,6893.424128
KRG,Kite Realty Group Trust,24.73,0,4.37,5601.830912
OVV,Ovintiv Inc. (DE),41.61,5.4914584,2.8800000999999997,10878.94016
CSGP,"CoStar Group, Inc.",70.83,168.02325,0.0,29619.6096
DTM,"DT Midstream, Inc.",101.75,24.779905,2.8900001,10495.243264
GNTX,Gentex Corporation,28.11,14.835979,1.71,6377.193472
DVA,DaVita Inc.,149.82,16.485437,0.0,12534.907904
ENPH,"Enphase Energy, Inc.",71.36,156.84782,0.0,9747.971072
POOL,Pool Corporation,332.87,28.950214,1.4400001,12834.977792
FHI,"Federated Hermes, Inc.",40.85,12.91824,3.04,3360.906752
IPG,"Interpublic Group of Companies,",28.13,13.268868,4.6899999999999995,10478.846976
PARA,Paramount Global,10.58,0,1.8900000000000001,7531.195392
ROK,"Rockwell Automation, Inc.",280.89,34.112186,1.87,31964.602368
SHY,iShares 1-3 Year Treasury Bond ,81.96,3725.4546,0.0,0.0
DDOG,"Datadog, Inc.",143.63,263.32727,0.0,49202.085888
CRL,Charles River Laboratories Inte,182.64,22.76961,0.0,9501.106176
VTI,Vanguard Total Stock Market ETF,289.26,26.45703,0.0,0.0
NRG,"NRG Energy, Inc.",92.75,24.381187,1.76,19952.750592
JPM,JP Morgan Chase & Co.,240.0,13.330411,2.08,684915.949568
FFIV,"F5, Inc.",251.75,26.662474,0.0,14909.2864
VOO,Vanguard S&P 500 ETF,537.46,27.487091,0.0,0.0
TDC,Teradata Corporation,30.66,36.364704,0.0,2958.086912
DVN,Devon Energy Corporation,33.4,6.2833333,4.34,22288.615424
MDY,SPDR S&P MidCap 400 ETF Trust,568.28,19.39987,0.0,0.0
RBC,RBC Bearings Incorporated,297.81,43.465416,0.0,9474.644992
DPZ,Domino's Pizza Inc,434.93,26.925629,1.39,15127.778304
C,"Citigroup, Inc.",69.94,19.94382,3.2,134279.462912
LAD,"Lithia Motors, Inc.",348.73,11.879481,0.61000003,9268.414464
BHF,"Brighthouse Financial, Inc.",47.99,0,0.0,2854.348288
SON,Sonoco Products Company,48.01,16.477663,4.33,4711.547904
ALGM,"Allegro MicroSystems, Inc.",22.81,0,0.0,4360.420864
ARE,Alexandria Real Estate Equities,97.5,60.463417,5.42,17329.399808
WMS,"Advanced Drainage Systems, Inc.",114.33,18.184252,0.5599999999999999,8953.105408
ABBV,AbbVie Inc.,179.44,62.489655,3.66,320241.106944
BND,Vanguard Total Bond Market ETF,71.94,0,0.0,0.0
CUZ,Cousins Properties Incorporated,30.61,89.852936,4.14,5122.165248
PCTY,Paylocity Holding Corporation,195.07,58.084545,0.0,11106.435072
CAH,"Cardinal Health, Inc.",118.02,22.942308,1.71,28871.794688
XLU,SPDR Select Sector Fund - Utili,76.27,20.237125,0.0,0.0
LUV,Southwest Airlines Company,33.37,0,2.16,20157.161472
ERIE,Erie Indemnity Company,409.5,38.793266,1.3300001000000001,21684.621312
CR,Crane Company,150.98,33.431034,0.54,8877.843456
OKE,"ONEOK, Inc.",101.77,21.800848,3.8900003,59985.866752
UNG,United States Natural Gas Fund ,17.01,0,0.0,0.0
RMBS,"Rambus, Inc.",53.5,34.254658,0.0,5877.61152
EEFT,"Euronet Worldwide, Inc.",101.09,14.827035,0.0,4481.462784
PSA,Public Storage,296.58,31.167013,4.05,52633.735168
COKE,"Coca-Cola Consolidated, Inc.",1280.0,22.899359,0.7799999999999999,11581.443072
VNOM,"Viper Energy, Inc.",49.87,21.824787,4.81,9622.04672
BRO,"Brown & Brown, Inc.",100.54,27.681198,0.6,29050.474496
AVTR,"Avantor, Inc.",21.2,47.304348,0.0,14810.161152
RGA,"Reinsurance Group of America, I",215.39,20.024725,1.6500000000000001,14402.546688
VRSK,"Verisk Analytics, Inc.",273.39,42.635803,0.5700000000000001,39013.777408
PEP,"Pepsico, Inc.",150.21,22.17037,3.61,206085.996544
CHTR,"Charter Communications, Inc.",349.35,11.233542,0.0,50951.63904
MPWR,"Monolithic Power Systems, Inc.",594.22,70.0418,0.84,30237.257728
AKAM,"Akamai Technologies, Inc.",95.42,27.680471,0.0,14055.238656
XLRE,Real Estate Select Sector SPDR ,40.29,35.07138,0.0,0.0
XLK,SPDR Select Sector Fund - Techn,231.97,38.972855,0.0,0.0
RMD,ResMed Inc.,228.48,30.725464,0.9299999999999999,34008.229888
STX,Seagate Technology Holdings PLC,86.39,22.343359,3.3299996999999997,18857.900032
ELV,"Elevance Health, Inc.",365.83,13.526029,1.78,86173.310976
INTC,Intel Corporation,20.22,0,2.2399999999999998,88675.278848
NWSA,News Corporation,27.46,44.435482,0.73,16198.793216
LAKE,"Lakeland Industries, Inc.",25.81,0,0.53,191.730976
FI,"Fiserv, Inc.",205.98,40.34236,0.0,118659.432448
MHK,"Mohawk Industries, Inc.",115.92,13.240407,0.0,7404.759552
MSM,"MSC Industrial Direct Company, ",75.25,17.133188,4.52,4385.092096
CNH,CNH Industrial N.V.,11.09,8.175182,4.24,13988.575232
RYAN,"Ryan Specialty Holdings, Inc.",62.63,81.50649,0.69999998,16433.2032
MSCI,MSCI Inc.,597.13,39.493107,1.0699999999999998,47138.766848
OHI,"Omega Healthcare Investors, Inc",37.87,28.183825,7.08,10632.167424
